[{"model": "admin.logentry", "pk": 45, "fields": {"action_time": "2023-11-07T21:43:47.712Z", "user": 5, "content_type": 16, "object_id": "10", "object_repr": "Grinder 3", "action_flag": 2, "change_message": "[{\"changed\": {\"fields\": [\"Discount percentage\"]}}]"}}, {"model": "admin.logentry", "pk": 46, "fields": {"action_time": "2023-11-07T22:11:04.547Z", "user": 5, "content_type": 17, "object_id": "30", "object_repr": "Order Jhon", "action_flag": 3, "change_message": ""}}, {"model": "admin.logentry", "pk": 47, "fields": {"action_time": "2023-11-07T22:11:04.558Z", "user": 5, "content_type": 17, "object_id": "29", "object_repr": "Order Jhon", "action_flag": 3, "change_message": ""}}, {"model": "admin.logentry", "pk": 48, "fields": {"action_time": "2023-11-07T22:11:04.562Z", "user": 5, "content_type": 17, "object_id": "28", "object_repr": "Order Jhon", "action_flag": 3, "change_message": ""}}, {"model": "admin.logentry", "pk": 49, "fields": {"action_time": "2023-11-07T22:11:04.565Z", "user": 5, "content_type": 17, "object_id": "27", "object_repr": "Order k", "action_flag": 3, "change_message": ""}}, {"model": "admin.logentry", "pk": 50, "fields": {"action_time": "2023-11-07T22:11:04.568Z", "user": 5, "content_type": 17, "object_id": "26", "object_repr": "Order k", "action_flag": 3, "change_message": ""}}, {"model": "admin.logentry", "pk": 51, "fields": {"action_time": "2023-11-07T22:11:04.571Z", "user": 5, "content_type": 17, "object_id": "25", "object_repr": "Order d", "action_flag": 3, "change_message": ""}}, {"model": "admin.logentry", "pk": 52, "fields": {"action_time": "2023-11-07T22:11:04.573Z", "user": 5, "content_type": 17, "object_id": "24", "object_repr": "Order d", "action_flag": 3, "change_message": ""}}, {"model": "admin.logentry", "pk": 53, "fields": {"action_time": "2023-11-07T22:11:04.576Z", "user": 5, "content_type": 17, "object_id": "23", "object_repr": "Order d", "action_flag": 3, "change_message": ""}}, {"model": "admin.logentry", "pk": 54, "fields": {"action_time": "2023-11-07T22:11:04.578Z", "user": 5, "content_type": 17, "object_id": "22", "object_repr": "Order d", "action_flag": 3, "change_message": ""}}, {"model": "admin.logentry", "pk": 55, "fields": {"action_time": "2023-11-07T22:11:04.580Z", "user": 5, "content_type": 17, "object_id": "21", "object_repr": "Order d", "action_flag": 3, "change_message": ""}}, {"model": "admin.logentry", "pk": 56, "fields": {"action_time": "2023-11-07T22:11:04.583Z", "user": 5, "content_type": 17, "object_id": "20", "object_repr": "Order d", "action_flag": 3, "change_message": ""}}, {"model": "admin.logentry", "pk": 57, "fields": {"action_time": "2023-11-07T22:11:04.586Z", "user": 5, "content_type": 17, "object_id": "19", "object_repr": "Order d", "action_flag": 3, "change_message": ""}}, {"model": "admin.logentry", "pk": 58, "fields": {"action_time": "2023-11-07T22:11:04.588Z", "user": 5, "content_type": 17, "object_id": "18", "object_repr": "Order Andres", "action_flag": 3, "change_message": ""}}, {"model": "admin.logentry", "pk": 59, "fields": {"action_time": "2023-11-07T22:11:04.591Z", "user": 5, "content_type": 17, "object_id": "17", "object_repr": "Order Andres", "action_flag": 3, "change_message": ""}}, {"model": "admin.logentry", "pk": 60, "fields": {"action_time": "2023-11-07T22:11:04.593Z", "user": 5, "content_type": 17, "object_id": "16", "object_repr": "Order Andres", "action_flag": 3, "change_message": ""}}, {"model": "admin.logentry", "pk": 61, "fields": {"action_time": "2023-11-07T22:11:04.598Z", "user": 5, "content_type": 17, "object_id": "15", "object_repr": "Order Andres", "action_flag": 3, "change_message": ""}}, {"model": "admin.logentry", "pk": 62, "fields": {"action_time": "2023-11-07T22:11:04.602Z", "user": 5, "content_type": 17, "object_id": "14", "object_repr": "Order Alejandro", "action_flag": 3, "change_message": ""}}, {"model": "admin.logentry", "pk": 63, "fields": {"action_time": "2023-11-07T22:11:04.607Z", "user": 5, "content_type": 17, "object_id": "13", "object_repr": "Order Alejandro", "action_flag": 3, "change_message": ""}}, {"model": "admin.logentry", "pk": 64, "fields": {"action_time": "2023-11-07T22:11:04.610Z", "user": 5, "content_type": 17, "object_id": "12", "object_repr": "Order Alejandro", "action_flag": 3, "change_message": ""}}, {"model": "admin.logentry", "pk": 65, "fields": {"action_time": "2023-11-07T22:11:04.614Z", "user": 5, "content_type": 17, "object_id": "11", "object_repr": "Order Alejandro", "action_flag": 3, "change_message": ""}}, {"model": "admin.logentry", "pk": 66, "fields": {"action_time": "2023-11-07T22:11:04.619Z", "user": 5, "content_type": 17, "object_id": "10", "object_repr": "Order Alejandro", "action_flag": 3, "change_message": ""}}, {"model": "admin.logentry", "pk": 67, "fields": {"action_time": "2023-11-07T22:11:04.623Z", "user": 5, "content_type": 17, "object_id": "9", "object_repr": "Order Pedro", "action_flag": 3, "change_message": ""}}, {"model": "admin.logentry", "pk": 68, "fields": {"action_time": "2023-11-07T22:11:04.627Z", "user": 5, "content_type": 17, "object_id": "8", "object_repr": "Order Pedro", "action_flag": 3, "change_message": ""}}, {"model": "admin.logentry", "pk": 69, "fields": {"action_time": "2023-11-07T22:11:04.631Z", "user": 5, "content_type": 17, "object_id": "7", "object_repr": "Order Pedro", "action_flag": 3, "change_message": ""}}, {"model": "admin.logentry", "pk": 70, "fields": {"action_time": "2023-11-07T22:11:04.636Z", "user": 5, "content_type": 17, "object_id": "6", "object_repr": "Order Pedro", "action_flag": 3, "change_message": ""}}, {"model": "admin.logentry", "pk": 71, "fields": {"action_time": "2023-11-07T22:11:04.641Z", "user": 5, "content_type": 17, "object_id": "5", "object_repr": "Order Pedro", "action_flag": 3, "change_message": ""}}, {"model": "admin.logentry", "pk": 72, "fields": {"action_time": "2023-11-07T22:11:04.645Z", "user": 5, "content_type": 17, "object_id": "4", "object_repr": "Order Pedro", "action_flag": 3, "change_message": ""}}, {"model": "admin.logentry", "pk": 73, "fields": {"action_time": "2023-11-07T22:11:04.650Z", "user": 5, "content_type": 17, "object_id": "3", "object_repr": "Order Pedro", "action_flag": 3, "change_message": ""}}, {"model": "admin.logentry", "pk": 74, "fields": {"action_time": "2023-11-07T22:11:04.654Z", "user": 5, "content_type": 17, "object_id": "2", "object_repr": "Order Pedro", "action_flag": 3, "change_message": ""}}, {"model": "admin.logentry", "pk": 75, "fields": {"action_time": "2023-11-07T22:11:04.658Z", "user": 5, "content_type": 17, "object_id": "1", "object_repr": "Order Admin", "action_flag": 3, "change_message": ""}}, {"model": "admin.logentry", "pk": 76, "fields": {"action_time": "2023-11-07T22:11:46.496Z", "user": 5, "content_type": 14, "object_id": "2", "object_repr": "admin@wboxy.com", "action_flag": 3, "change_message": ""}}, {"model": "admin.logentry", "pk": 77, "fields": {"action_time": "2023-11-07T22:12:58.901Z", "user": 5, "content_type": 12, "object_id": "4", "object_repr": "jj@gmail.com", "action_flag": 3, "change_message": ""}}, {"model": "admin.logentry", "pk": 78, "fields": {"action_time": "2023-11-07T22:12:58.912Z", "user": 5, "content_type": 12, "object_id": "3", "object_repr": "jjsosar@gmail.com", "action_flag": 3, "change_message": ""}}, {"model": "admin.logentry", "pk": 79, "fields": {"action_time": "2023-11-07T22:12:58.914Z", "user": 5, "content_type": 12, "object_id": "2", "object_repr": "admin@wboxy.com", "action_flag": 3, "change_message": ""}}, {"model": "admin.logentry", "pk": 80, "fields": {"action_time": "2023-11-07T22:14:14.356Z", "user": 5, "content_type": 12, "object_id": "5", "object_repr": "admin@wboxy.com", "action_flag": 2, "change_message": "[{\"changed\": {\"fields\": [\"Email\", \"First name\", \"Last name\"]}}]"}}, {"model": "admin.logentry", "pk": 81, "fields": {"action_time": "2023-11-07T22:14:23.544Z", "user": 5, "content_type": 12, "object_id": "5", "object_repr": "admin@wboxy.com", "action_flag": 2, "change_message": "[]"}}, {"model": "admin.logentry", "pk": 82, "fields": {"action_time": "2023-11-08T15:32:29.374Z", "user": 5, "content_type": 20, "object_id": "15", "object_repr": "Curso de autocultivo indoor", "action_flag": 1, "change_message": "[{\"added\": {}}, {\"added\": {\"name\": \"module\", \"object\": \"M\\u00f3dulo 1\"}}, {\"added\": {\"name\": \"module\", \"object\": \"M\\u00f3dulo  2\"}}, {\"added\": {\"name\": \"module\", \"object\": \"M\\u00f3dulo  3\"}}, {\"added\": {\"name\": \"module\", \"object\": \"M\\u00f3dulo  4\"}}]"}}, {"model": "admin.logentry", "pk": 83, "fields": {"action_time": "2023-11-08T15:36:00.801Z", "user": 5, "content_type": 20, "object_id": "16", "object_repr": "Extracción de aceites de CBD", "action_flag": 1, "change_message": "[{\"added\": {}}, {\"added\": {\"name\": \"module\", \"object\": \"M\\u00f3dulo 1\"}}, {\"added\": {\"name\": \"module\", \"object\": \"M\\u00f3dulo 2\"}}, {\"added\": {\"name\": \"module\", \"object\": \"M\\u00f3dulo 3\"}}, {\"added\": {\"name\": \"module\", \"object\": \"M\\u00f3dulo 4\"}}]"}}, {"model": "auth.permission", "pk": 1, "fields": {"name": "Can add log entry", "content_type": 1, "codename": "add_logentry"}}, {"model": "auth.permission", "pk": 2, "fields": {"name": "Can change log entry", "content_type": 1, "codename": "change_logentry"}}, {"model": "auth.permission", "pk": 3, "fields": {"name": "Can delete log entry", "content_type": 1, "codename": "delete_logentry"}}, {"model": "auth.permission", "pk": 4, "fields": {"name": "Can view log entry", "content_type": 1, "codename": "view_logentry"}}, {"model": "auth.permission", "pk": 5, "fields": {"name": "Can add permission", "content_type": 2, "codename": "add_permission"}}, {"model": "auth.permission", "pk": 6, "fields": {"name": "Can change permission", "content_type": 2, "codename": "change_permission"}}, {"model": "auth.permission", "pk": 7, "fields": {"name": "Can delete permission", "content_type": 2, "codename": "delete_permission"}}, {"model": "auth.permission", "pk": 8, "fields": {"name": "Can view permission", "content_type": 2, "codename": "view_permission"}}, {"model": "auth.permission", "pk": 9, "fields": {"name": "Can add group", "content_type": 3, "codename": "add_group"}}, {"model": "auth.permission", "pk": 10, "fields": {"name": "Can change group", "content_type": 3, "codename": "change_group"}}, {"model": "auth.permission", "pk": 11, "fields": {"name": "Can delete group", "content_type": 3, "codename": "delete_group"}}, {"model": "auth.permission", "pk": 12, "fields": {"name": "Can view group", "content_type": 3, "codename": "view_group"}}, {"model": "auth.permission", "pk": 13, "fields": {"name": "Can add content type", "content_type": 4, "codename": "add_contenttype"}}, {"model": "auth.permission", "pk": 14, "fields": {"name": "Can change content type", "content_type": 4, "codename": "change_contenttype"}}, {"model": "auth.permission", "pk": 15, "fields": {"name": "Can delete content type", "content_type": 4, "codename": "delete_contenttype"}}, {"model": "auth.permission", "pk": 16, "fields": {"name": "Can view content type", "content_type": 4, "codename": "view_contenttype"}}, {"model": "auth.permission", "pk": 17, "fields": {"name": "Can add session", "content_type": 5, "codename": "add_session"}}, {"model": "auth.permission", "pk": 18, "fields": {"name": "Can change session", "content_type": 5, "codename": "change_session"}}, {"model": "auth.permission", "pk": 19, "fields": {"name": "Can delete session", "content_type": 5, "codename": "delete_session"}}, {"model": "auth.permission", "pk": 20, "fields": {"name": "Can view session", "content_type": 5, "codename": "view_session"}}, {"model": "auth.permission", "pk": 21, "fields": {"name": "Can add service", "content_type": 6, "codename": "add_service"}}, {"model": "auth.permission", "pk": 22, "fields": {"name": "Can change service", "content_type": 6, "codename": "change_service"}}, {"model": "auth.permission", "pk": 23, "fields": {"name": "Can delete service", "content_type": 6, "codename": "delete_service"}}, {"model": "auth.permission", "pk": 24, "fields": {"name": "Can view service", "content_type": 6, "codename": "view_service"}}, {"model": "auth.permission", "pk": 25, "fields": {"name": "Can add services contact", "content_type": 7, "codename": "add_servicescontact"}}, {"model": "auth.permission", "pk": 26, "fields": {"name": "Can change services contact", "content_type": 7, "codename": "change_servicescontact"}}, {"model": "auth.permission", "pk": 27, "fields": {"name": "Can delete services contact", "content_type": 7, "codename": "delete_servicescontact"}}, {"model": "auth.permission", "pk": 28, "fields": {"name": "Can view services contact", "content_type": 7, "codename": "view_servicescontact"}}, {"model": "auth.permission", "pk": 29, "fields": {"name": "Can add service feature", "content_type": 8, "codename": "add_servicefeature"}}, {"model": "auth.permission", "pk": 30, "fields": {"name": "Can change service feature", "content_type": 8, "codename": "change_servicefeature"}}, {"model": "auth.permission", "pk": 31, "fields": {"name": "Can delete service feature", "content_type": 8, "codename": "delete_servicefeature"}}, {"model": "auth.permission", "pk": 32, "fields": {"name": "Can view service feature", "content_type": 8, "codename": "view_servicefeature"}}, {"model": "auth.permission", "pk": 33, "fields": {"name": "Can add index feature", "content_type": 9, "codename": "add_indexfeature"}}, {"model": "auth.permission", "pk": 34, "fields": {"name": "Can change index feature", "content_type": 9, "codename": "change_indexfeature"}}, {"model": "auth.permission", "pk": 35, "fields": {"name": "Can delete index feature", "content_type": 9, "codename": "delete_indexfeature"}}, {"model": "auth.permission", "pk": 36, "fields": {"name": "Can view index feature", "content_type": 9, "codename": "view_indexfeature"}}, {"model": "auth.permission", "pk": 37, "fields": {"name": "Can add package item", "content_type": 10, "codename": "add_packageitem"}}, {"model": "auth.permission", "pk": 38, "fields": {"name": "Can change package item", "content_type": 10, "codename": "change_packageitem"}}, {"model": "auth.permission", "pk": 39, "fields": {"name": "Can delete package item", "content_type": 10, "codename": "delete_packageitem"}}, {"model": "auth.permission", "pk": 40, "fields": {"name": "Can view package item", "content_type": 10, "codename": "view_packageitem"}}, {"model": "auth.permission", "pk": 41, "fields": {"name": "Can add package", "content_type": 11, "codename": "add_package"}}, {"model": "auth.permission", "pk": 42, "fields": {"name": "Can change package", "content_type": 11, "codename": "change_package"}}, {"model": "auth.permission", "pk": 43, "fields": {"name": "Can delete package", "content_type": 11, "codename": "delete_package"}}, {"model": "auth.permission", "pk": 44, "fields": {"name": "Can view package", "content_type": 11, "codename": "view_package"}}, {"model": "auth.permission", "pk": 45, "fields": {"name": "Can add user account", "content_type": 12, "codename": "add_useraccount"}}, {"model": "auth.permission", "pk": 46, "fields": {"name": "Can change user account", "content_type": 12, "codename": "change_useraccount"}}, {"model": "auth.permission", "pk": 47, "fields": {"name": "Can delete user account", "content_type": 12, "codename": "delete_useraccount"}}, {"model": "auth.permission", "pk": 48, "fields": {"name": "Can view user account", "content_type": 12, "codename": "view_useraccount"}}, {"model": "auth.permission", "pk": 49, "fields": {"name": "Can add profile", "content_type": 13, "codename": "add_profile"}}, {"model": "auth.permission", "pk": 50, "fields": {"name": "Can change profile", "content_type": 13, "codename": "change_profile"}}, {"model": "auth.permission", "pk": 51, "fields": {"name": "Can delete profile", "content_type": 13, "codename": "delete_profile"}}, {"model": "auth.permission", "pk": 52, "fields": {"name": "Can view profile", "content_type": 13, "codename": "view_profile"}}, {"model": "auth.permission", "pk": 53, "fields": {"name": "Can add user profile", "content_type": 14, "codename": "add_userprofile"}}, {"model": "auth.permission", "pk": 54, "fields": {"name": "Can change user profile", "content_type": 14, "codename": "change_userprofile"}}, {"model": "auth.permission", "pk": 55, "fields": {"name": "Can delete user profile", "content_type": 14, "codename": "delete_userprofile"}}, {"model": "auth.permission", "pk": 56, "fields": {"name": "Can view user profile", "content_type": 14, "codename": "view_userprofile"}}, {"model": "auth.permission", "pk": 57, "fields": {"name": "Can add Category", "content_type": 15, "codename": "add_category"}}, {"model": "auth.permission", "pk": 58, "fields": {"name": "Can change Category", "content_type": 15, "codename": "change_category"}}, {"model": "auth.permission", "pk": 59, "fields": {"name": "Can delete Category", "content_type": 15, "codename": "delete_category"}}, {"model": "auth.permission", "pk": 60, "fields": {"name": "Can view Category", "content_type": 15, "codename": "view_category"}}, {"model": "auth.permission", "pk": 61, "fields": {"name": "Can add product", "content_type": 16, "codename": "add_product"}}, {"model": "auth.permission", "pk": 62, "fields": {"name": "Can change product", "content_type": 16, "codename": "change_product"}}, {"model": "auth.permission", "pk": 63, "fields": {"name": "Can delete product", "content_type": 16, "codename": "delete_product"}}, {"model": "auth.permission", "pk": 64, "fields": {"name": "Can view product", "content_type": 16, "codename": "view_product"}}, {"model": "auth.permission", "pk": 65, "fields": {"name": "Can add order", "content_type": 17, "codename": "add_order"}}, {"model": "auth.permission", "pk": 66, "fields": {"name": "Can change order", "content_type": 17, "codename": "change_order"}}, {"model": "auth.permission", "pk": 67, "fields": {"name": "Can delete order", "content_type": 17, "codename": "delete_order"}}, {"model": "auth.permission", "pk": 68, "fields": {"name": "Can view order", "content_type": 17, "codename": "view_order"}}, {"model": "auth.permission", "pk": 69, "fields": {"name": "Can add sku item", "content_type": 18, "codename": "add_skuitem"}}, {"model": "auth.permission", "pk": 70, "fields": {"name": "Can change sku item", "content_type": 18, "codename": "change_skuitem"}}, {"model": "auth.permission", "pk": 71, "fields": {"name": "Can delete sku item", "content_type": 18, "codename": "delete_skuitem"}}, {"model": "auth.permission", "pk": 72, "fields": {"name": "Can view sku item", "content_type": 18, "codename": "view_skuitem"}}, {"model": "auth.permission", "pk": 73, "fields": {"name": "Can add order item", "content_type": 19, "codename": "add_orderitem"}}, {"model": "auth.permission", "pk": 74, "fields": {"name": "Can change order item", "content_type": 19, "codename": "change_orderitem"}}, {"model": "auth.permission", "pk": 75, "fields": {"name": "Can delete order item", "content_type": 19, "codename": "delete_orderitem"}}, {"model": "auth.permission", "pk": 76, "fields": {"name": "Can view order item", "content_type": 19, "codename": "view_orderitem"}}, {"model": "auth.permission", "pk": 77, "fields": {"name": "Can add course", "content_type": 20, "codename": "add_course"}}, {"model": "auth.permission", "pk": 78, "fields": {"name": "Can change course", "content_type": 20, "codename": "change_course"}}, {"model": "auth.permission", "pk": 79, "fields": {"name": "Can delete course", "content_type": 20, "codename": "delete_course"}}, {"model": "auth.permission", "pk": 80, "fields": {"name": "Can view course", "content_type": 20, "codename": "view_course"}}, {"model": "auth.permission", "pk": 81, "fields": {"name": "Can add subject", "content_type": 21, "codename": "add_subject"}}, {"model": "auth.permission", "pk": 82, "fields": {"name": "Can change subject", "content_type": 21, "codename": "change_subject"}}, {"model": "auth.permission", "pk": 83, "fields": {"name": "Can delete subject", "content_type": 21, "codename": "delete_subject"}}, {"model": "auth.permission", "pk": 84, "fields": {"name": "Can view subject", "content_type": 21, "codename": "view_subject"}}, {"model": "auth.permission", "pk": 85, "fields": {"name": "Can add module", "content_type": 22, "codename": "add_module"}}, {"model": "auth.permission", "pk": 86, "fields": {"name": "Can change module", "content_type": 22, "codename": "change_module"}}, {"model": "auth.permission", "pk": 87, "fields": {"name": "Can delete module", "content_type": 22, "codename": "delete_module"}}, {"model": "auth.permission", "pk": 88, "fields": {"name": "Can view module", "content_type": 22, "codename": "view_module"}}, {"model": "auth.permission", "pk": 89, "fields": {"name": "Can add cultivation plan", "content_type": 23, "codename": "add_cultivationplan"}}, {"model": "auth.permission", "pk": 90, "fields": {"name": "Can change cultivation plan", "content_type": 23, "codename": "change_cultivationplan"}}, {"model": "auth.permission", "pk": 91, "fields": {"name": "Can delete cultivation plan", "content_type": 23, "codename": "delete_cultivationplan"}}, {"model": "auth.permission", "pk": 92, "fields": {"name": "Can view cultivation plan", "content_type": 23, "codename": "view_cultivationplan"}}, {"model": "auth.permission", "pk": 93, "fields": {"name": "Can add stages cultivation plan", "content_type": 24, "codename": "add_stagescultivationplan"}}, {"model": "auth.permission", "pk": 94, "fields": {"name": "Can change stages cultivation plan", "content_type": 24, "codename": "change_stagescultivationplan"}}, {"model": "auth.permission", "pk": 95, "fields": {"name": "Can delete stages cultivation plan", "content_type": 24, "codename": "delete_stagescultivationplan"}}, {"model": "auth.permission", "pk": 96, "fields": {"name": "Can view stages cultivation plan", "content_type": 24, "codename": "view_stagescultivationplan"}}, {"model": "auth.permission", "pk": 97, "fields": {"name": "Can add plan feature", "content_type": 25, "codename": "add_planfeature"}}, {"model": "auth.permission", "pk": 98, "fields": {"name": "Can change plan feature", "content_type": 25, "codename": "change_planfeature"}}, {"model": "auth.permission", "pk": 99, "fields": {"name": "Can delete plan feature", "content_type": 25, "codename": "delete_planfeature"}}, {"model": "auth.permission", "pk": 100, "fields": {"name": "Can view plan feature", "content_type": 25, "codename": "view_planfeature"}}, {"model": "contenttypes.contenttype", "pk": 1, "fields": {"app_label": "admin", "model": "logentry"}}, {"model": "contenttypes.contenttype", "pk": 2, "fields": {"app_label": "auth", "model": "permission"}}, {"model": "contenttypes.contenttype", "pk": 3, "fields": {"app_label": "auth", "model": "group"}}, {"model": "contenttypes.contenttype", "pk": 4, "fields": {"app_label": "contenttypes", "model": "contenttype"}}, {"model": "contenttypes.contenttype", "pk": 5, "fields": {"app_label": "sessions", "model": "session"}}, {"model": "contenttypes.contenttype", "pk": 6, "fields": {"app_label": "services", "model": "service"}}, {"model": "contenttypes.contenttype", "pk": 7, "fields": {"app_label": "services", "model": "servicescontact"}}, {"model": "contenttypes.contenttype", "pk": 8, "fields": {"app_label": "services", "model": "servicefeature"}}, {"model": "contenttypes.contenttype", "pk": 9, "fields": {"app_label": "core", "model": "indexfeature"}}, {"model": "contenttypes.contenttype", "pk": 10, "fields": {"app_label": "packages", "model": "packageitem"}}, {"model": "contenttypes.contenttype", "pk": 11, "fields": {"app_label": "packages", "model": "package"}}, {"model": "contenttypes.contenttype", "pk": 12, "fields": {"app_label": "users", "model": "useraccount"}}, {"model": "contenttypes.contenttype", "pk": 13, "fields": {"app_label": "users", "model": "profile"}}, {"model": "contenttypes.contenttype", "pk": 14, "fields": {"app_label": "user_profile", "model": "userprofile"}}, {"model": "contenttypes.contenttype", "pk": 15, "fields": {"app_label": "products", "model": "category"}}, {"model": "contenttypes.contenttype", "pk": 16, "fields": {"app_label": "products", "model": "product"}}, {"model": "contenttypes.contenttype", "pk": 17, "fields": {"app_label": "orders", "model": "order"}}, {"model": "contenttypes.contenttype", "pk": 18, "fields": {"app_label": "orders", "model": "skuitem"}}, {"model": "contenttypes.contenttype", "pk": 19, "fields": {"app_label": "orders", "model": "orderitem"}}, {"model": "contenttypes.contenttype", "pk": 20, "fields": {"app_label": "courses", "model": "course"}}, {"model": "contenttypes.contenttype", "pk": 21, "fields": {"app_label": "courses", "model": "subject"}}, {"model": "contenttypes.contenttype", "pk": 22, "fields": {"app_label": "courses", "model": "module"}}, {"model": "contenttypes.contenttype", "pk": 23, "fields": {"app_label": "cultivation", "model": "cultivationplan"}}, {"model": "contenttypes.contenttype", "pk": 24, "fields": {"app_label": "cultivation", "model": "stagescultivationplan"}}, {"model": "contenttypes.contenttype", "pk": 25, "fields": {"app_label": "cultivation", "model": "planfeature"}}, {"model": "sessions.session", "pk": "aozp05zfwsvhb7cqkpcyo8yrfao2yxfx", "fields": {"session_data": "eyJXQi1DQVJUIjp7fX0:1r0kcL:yvQnoaHNB19ZFqEmgOQEdUmllHOsaNpi-fSWrergNKM", "expire_date": "2023-11-22T15:37:21.475Z"}}, {"model": "services.service", "pk": 4, "fields": {"image": "img/autocultivo_PDC5uDi.jpg"}}, {"model": "services.service", "pk": 5, "fields": {"image": "img/autocultivo2_d4jaUtA.jpeg"}}, {"model": "services.servicefeature", "pk": 1, "fields": {"created_at": "2023-11-03T15:56:11.013Z", "updated_at": "2023-11-03T15:56:11.014Z", "name": "Espacios Equipados", "description": "Ofrecemos espacios especialmente diseñados y equipados con la infraestructura necesaria para el\r\nautocultivo de marihuana. Desde sistemas de iluminación y ventilación hasta sistemas de riego\r\nautomatizados, nuestros espacios están pensados para optimizar el crecimiento de las plantas.", "service": 4}}, {"model": "services.servicefeature", "pk": 2, "fields": {"created_at": "2023-11-03T15:56:53.708Z", "updated_at": "2023-11-03T15:56:53.709Z", "name": "Asesoramiento Personalizado", "description": "Nuestros expertos en cultivo de cannabis te brindarán asesoramiento personalizado en cada etapa del\r\nproceso. Desde la selección de cepas hasta la cosecha, te guiaremos con consejos prácticos y técnicas\r\navanzadas.", "service": 4}}, {"model": "services.servicefeature", "pk": 3, "fields": {"created_at": "2023-11-03T15:57:19.605Z", "updated_at": "2023-11-03T15:57:19.605Z", "name": "Condiciones Controladas", "description": "Mantenemos un ambiente controlado en términos de temperatura, humedad y condiciones lumínicas para\r\ngarantizar un crecimiento saludable de las plantas. Esto permite btener cosechas de calidad y consistencia.", "service": 4}}, {"model": "services.servicefeature", "pk": 4, "fields": {"created_at": "2023-11-03T15:57:43.683Z", "updated_at": "2023-11-03T15:57:43.683Z", "name": "Formación Continua", "description": "Ofrecemos talleres y sesiones informativas para ampliar tus conocimientos sobre el cultivo responsable y\r\nético de marihuana. Aprenderás sobre prácticas de cultivo sostenibles y técnicas de cuidado.", "service": 4}}, {"model": "services.servicefeature", "pk": 5, "fields": {"created_at": "2023-11-03T15:58:10.564Z", "updated_at": "2023-11-03T15:58:10.564Z", "name": "Legalidad y Cumplimiento", "description": "Trabajamos en estricto cumplimiento de las regulaciones y legislaciones locales relacionadas con el\r\ncultivo de marihuana. Te proporcionaremos orientación sobre los requisitos legales y éticos del cultivo\r\npersonal.", "service": 4}}, {"model": "services.servicefeature", "pk": 6, "fields": {"created_at": "2023-11-03T15:58:35.382Z", "updated_at": "2023-11-03T15:58:35.382Z", "name": "Comunidad y Networking", "description": "Únete a una comunidad de apasionados por el autocultivo. Organizamos eventos y reuniones donde\r\npodrás compartir experiencias, conocimientos y aprender de otros cultivadores.", "service": 4}}, {"model": "services.servicefeature", "pk": 7, "fields": {"created_at": "2023-11-03T15:59:08.641Z", "updated_at": "2023-11-03T15:59:08.641Z", "name": "Evaluación Personalizada", "description": "Comenzamos por comprender tus objetivos, nivel de experiencia y las condiciones específicas de tu\r\nentorno de cultivo. A partir de ahí, desarrollamos una estrategia de cultivo personalizada que se adapte a\r\ntus necesidades.", "service": 5}}, {"model": "services.servicefeature", "pk": 8, "fields": {"created_at": "2023-11-03T15:59:30.824Z", "updated_at": "2023-11-03T15:59:30.824Z", "name": "Planificación y Diseño", "description": "Te asistiremos en la planificación y diseño de tu espacio de cultivo, considerando aspectos como\r\niluminación, ventilación, sistemas de riego y otros factores críticos para el crecimiento exitoso de las\r\nplantas.", "service": 5}}, {"model": "services.servicefeature", "pk": 9, "fields": {"created_at": "2023-11-03T15:59:58.247Z", "updated_at": "2023-11-03T15:59:58.247Z", "name": "Selección de Cepas", "description": "Te guiaremos en la selección de las cepas adecuadas según tus preferencias y objetivos. Consideramos\r\nfactores como el tipo de planta, efectos deseados y nivel de dificultad.", "service": 5}}, {"model": "services.servicefeature", "pk": 10, "fields": {"created_at": "2023-11-03T16:00:41.595Z", "updated_at": "2023-11-03T16:00:41.595Z", "name": "Técnicas de Cultivo", "description": "Nuestros consultores compartirán contigo técnicas avanzadas de cultivo, desde la germinación de semillas hasta la cosecha. Aprenderás a optimizar el crecimiento, controlar plagas, realizar podas y más.", "service": 5}}, {"model": "services.servicefeature", "pk": 11, "fields": {"created_at": "2023-11-03T16:01:22.400Z", "updated_at": "2023-11-03T16:01:22.400Z", "name": "Soporte Continuo", "description": "Nuestra consultoría no se detiene después de una sola sesión. Te brindamos soporte continuo a través de sesiones de seguimiento, comunicación por correo electrónico y acceso a recursos adicionales.", "service": 5}}, {"model": "services.servicefeature", "pk": 12, "fields": {"created_at": "2023-11-03T16:01:52.083Z", "updated_at": "2023-11-03T16:01:52.083Z", "name": "Confidencialidad", "description": "Valoramos tu privacidad. Toda la información compartida durante nuestras sesiones de consultoría se\r\nmantiene confidencial.", "service": 5}}, {"model": "packages.packageitem", "pk": 4, "fields": {}}, {"model": "packages.packageitem", "pk": 5, "fields": {}}, {"model": "packages.packageitem", "pk": 6, "fields": {}}, {"model": "packages.packageitem", "pk": 7, "fields": {}}, {"model": "packages.packageitem", "pk": 8, "fields": {}}, {"model": "packages.packageitem", "pk": 9, "fields": {}}, {"model": "packages.packageitem", "pk": 10, "fields": {}}, {"model": "packages.packageitem", "pk": 11, "fields": {}}, {"model": "packages.packageitem", "pk": 12, "fields": {}}, {"model": "packages.packageitem", "pk": 13, "fields": {}}, {"model": "packages.packageitem", "pk": 14, "fields": {}}, {"model": "packages.packageitem", "pk": 15, "fields": {}}, {"model": "packages.packageitem", "pk": 16, "fields": {}}, {"model": "users.useraccount", "pk": 5, "fields": {"password": "pbkdf2_sha256$320000$7EIfJsPEjBoOioTmJcFT3w$zDXiAqfajSvxQ0LnZuch/EIbZcGsxnjVHZeNUjl78tE=", "last_login": "2023-11-08T14:51:30.684Z", "is_superuser": true, "created_at": "2023-11-07T14:20:05.451Z", "updated_at": "2023-11-07T22:14:23.537Z", "email": "admin@wboxy.com", "first_name": "Admin", "last_name": "Admin", "phone_number": null, "date_of_birth": null, "is_active": true, "is_staff": true, "is_subscribed": false, "groups": [], "user_permissions": []}}, {"model": "user_profile.userprofile", "pk": 3, "fields": {"user": 5, "address_line_1": "", "address_line_2": "", "city": "", "state_province_region": "", "zipcode": "", "phone": ""}}, {"model": "products.category", "pk": 1, "fields": {"created_at": "2023-11-03T16:02:55.702Z", "updated_at": "2023-11-03T16:02:55.702Z", "name": "Bongs"}}, {"model": "products.category", "pk": 2, "fields": {"created_at": "2023-11-03T16:03:01.950Z", "updated_at": "2023-11-03T16:03:01.950Z", "name": "Grinders"}}, {"model": "products.category", "pk": 3, "fields": {"created_at": "2023-11-03T16:03:07.547Z", "updated_at": "2023-11-03T16:03:07.547Z", "name": "Vapers"}}, {"model": "products.product", "pk": 6, "fields": {"image": "img/grinder2_1MYe2Jy.jpeg", "affiliate_url": null, "category": 2}}, {"model": "products.product", "pk": 7, "fields": {"image": "img/grinder4_mUjrHdm.jpeg", "affiliate_url": null, "category": 2}}, {"model": "products.product", "pk": 8, "fields": {"image": "img/bong3_9uL8BQ0.jpeg", "affiliate_url": null, "category": 1}}, {"model": "products.product", "pk": 9, "fields": {"image": "img/vaper3_ABZ55Y6.jpeg", "affiliate_url": null, "category": 3}}, {"model": "products.product", "pk": 10, "fields": {"image": "img/grinder1_jnAC30Q.jpeg", "affiliate_url": null, "category": 2}}, {"model": "products.product", "pk": 11, "fields": {"image": "img/bong6_fwNTgRT.jpeg", "affiliate_url": null, "category": 1}}, {"model": "products.product", "pk": 12, "fields": {"image": "img/vaper1_jIgsgQ3.jpeg", "affiliate_url": null, "category": 3}}, {"model": "products.product", "pk": 13, "fields": {"image": "img/bong1_uPsgkgo.jpeg", "affiliate_url": null, "category": 1}}, {"model": "products.product", "pk": 14, "fields": {"image": "img/vaper8_A1Ru9Ic.jpeg", "affiliate_url": null, "category": 3}}, {"model": "orders.skuitem", "pk": 3, "fields": {"created_at": "2023-11-03T15:43:24.899Z", "updated_at": "2023-11-03T15:43:24.899Z", "pricing_type": "FIXED", "price": "1500000.00", "discount_percentage": 15, "polymorphic_ctype": 23, "sku_code": "UWBVWBVWB1WBfWBRWBNWBPWBfWBmWBfWBsWB3WBlWBnWBEWBHWBJWB1WBz", "name": "Plan de autocultivo indoor", "description": "Nuestro plan de autocultivo de marihuana está diseñado para ayudarte a cultivar tus propias plantas de marihuana de alta calidad, te ofrecemos el alquiler de espacios con los mejores estandares, equipos y personal experto para que obtengas las mejores plantas, nos gusta la calidad.", "quantity_in_stock": 10}}, {"model": "orders.skuitem", "pk": 4, "fields": {"created_at": "2023-11-03T15:54:06.716Z", "updated_at": "2023-11-03T15:54:06.716Z", "pricing_type": "FIXED", "price": "100000.00", "discount_percentage": 0, "polymorphic_ctype": 6, "sku_code": "SWBeWBwWBjWBPWBgWBTWB5WBTWB2WBFWB6WBSWBgWBMWBEWBUWBtWBtWBU", "name": "Renta y adecuación de espacios para autocultivo", "description": "", "quantity_in_stock": 10}}, {"model": "orders.skuitem", "pk": 5, "fields": {"created_at": "2023-11-03T15:55:17.893Z", "updated_at": "2023-11-03T15:55:17.893Z", "pricing_type": "FIXED", "price": "100000.00", "discount_percentage": 0, "polymorphic_ctype": 6, "sku_code": "EWBWWBGWBjWB9WBVWBkWBlWBnWBYWBeWB2WBNWBMWBKWB6WBgWBZWBqWBi", "name": "Consultoría en cultivo", "description": "", "quantity_in_stock": 10}}, {"model": "orders.skuitem", "pk": 6, "fields": {"created_at": "2023-11-03T16:04:07.353Z", "updated_at": "2023-11-03T16:04:07.353Z", "pricing_type": "FIXED", "price": "5000.00", "discount_percentage": 0, "polymorphic_ctype": 16, "sku_code": "hWBOWBzWBVWBpWBDWB7WBjWB3WBwWBuWBhWBnWBpWBYWBzWBFWB3WB2WBW", "name": "Grinder", "description": "Grinder Weedboxy", "quantity_in_stock": 100}}, {"model": "orders.skuitem", "pk": 7, "fields": {"created_at": "2023-11-03T16:04:57.313Z", "updated_at": "2023-11-03T16:04:57.313Z", "pricing_type": "FIXED", "price": "10000.00", "discount_percentage": 0, "polymorphic_ctype": 16, "sku_code": "CWB1WBJWBoWB7WBLWBkWBeWBSWBcWBXWBNWBiWBMWBwWBXWBaWBMWBUWBx", "name": "Grinder 2", "description": "Grinder 2 Weedboxy", "quantity_in_stock": 50}}, {"model": "orders.skuitem", "pk": 8, "fields": {"created_at": "2023-11-03T16:05:31.003Z", "updated_at": "2023-11-03T16:05:31.003Z", "pricing_type": "FIXED", "price": "50000.00", "discount_percentage": 0, "polymorphic_ctype": 16, "sku_code": "gWBZWBwWBgWB0WBwWB1WBwWB0WBUWBHWBSWB8WBXWBeWB5WBiWBVWBIWBM", "name": "Bong", "description": "Bong Weedboxy", "quantity_in_stock": 10}}, {"model": "orders.skuitem", "pk": 9, "fields": {"created_at": "2023-11-03T16:06:12.783Z", "updated_at": "2023-11-03T16:06:12.783Z", "pricing_type": "FIXED", "price": "500000.00", "discount_percentage": 0, "polymorphic_ctype": 16, "sku_code": "5WBNWBMWB8WBWWBOWBNWBCWBfWB4WBWWBRWBFWBzWBfWBDWBKWBnWBKWBU", "name": "Vaper", "description": "Vaper Weedboxy", "quantity_in_stock": 5}}, {"model": "orders.skuitem", "pk": 10, "fields": {"created_at": "2023-11-03T16:07:08.410Z", "updated_at": "2023-11-07T21:43:47.710Z", "pricing_type": "FIXED", "price": "15000.00", "discount_percentage": 50, "polymorphic_ctype": 16, "sku_code": "cWBQWBEWBWWBoWBYWBqWBIWBGWB8WBZWBdWB1WBdWBYWBoWBqWBNWBXWBE", "name": "Grinder 3", "description": "Grinder 3 Weedboxy", "quantity_in_stock": 5}}, {"model": "orders.skuitem", "pk": 11, "fields": {"created_at": "2023-11-03T16:08:12.282Z", "updated_at": "2023-11-03T16:08:12.282Z", "pricing_type": "FIXED", "price": "70000.00", "discount_percentage": 0, "polymorphic_ctype": 16, "sku_code": "SWB4WBEWBQWBLWB4WBJWBCWBqWB2WBbWBpWBgWBRWBbWBcWBFWB8WBqWBB", "name": "Bong 2", "description": "Bong 2 Weedboxy", "quantity_in_stock": 4}}, {"model": "orders.skuitem", "pk": 12, "fields": {"created_at": "2023-11-03T16:08:59.702Z", "updated_at": "2023-11-03T18:36:57.277Z", "pricing_type": "FIXED", "price": "250000.00", "discount_percentage": 20, "polymorphic_ctype": 16, "sku_code": "gWBbWByWBaWBCWBxWBDWBTWBgWBVWB4WBIWBsWBrWBYWBNWBqWBXWBnWB1", "name": "Vaper 2", "description": "Vaper 2 Weedboxy", "quantity_in_stock": 10}}, {"model": "orders.skuitem", "pk": 13, "fields": {"created_at": "2023-11-03T16:09:51.984Z", "updated_at": "2023-11-03T16:09:51.984Z", "pricing_type": "FIXED", "price": "150000.00", "discount_percentage": 0, "polymorphic_ctype": 16, "sku_code": "gWBqWBeWBoWBzWByWBZWBXWBHWB3WBTWBjWBCWBRWBhWB4WBfWBfWBCWBD", "name": "Bong 3", "description": "Bong 3 Weedboxy", "quantity_in_stock": 7}}, {"model": "orders.skuitem", "pk": 14, "fields": {"created_at": "2023-11-03T16:10:37.945Z", "updated_at": "2023-11-03T16:10:37.945Z", "pricing_type": "FIXED", "price": "70000.00", "discount_percentage": 0, "polymorphic_ctype": 16, "sku_code": "bWBDWByWBUWBMWBlWBxWBXWBGWB1WBwWB7WBQWBHWBpWBDWBQWBAWB3WBE", "name": "Vaper 3", "description": "Vaper 3 Weedboxy", "quantity_in_stock": 14}}, {"model": "orders.skuitem", "pk": 15, "fields": {"created_at": "2023-11-08T15:32:29.359Z", "updated_at": "2023-11-08T15:32:29.359Z", "pricing_type": "FIXED", "price": "150000.00", "discount_percentage": 15, "polymorphic_ctype": 20, "sku_code": "6WBPWBbWBqWBZWBSWBHWBiWBJWBrWBaWBwWBHWB6WBEWBqWB4WBXWBQWBP", "name": "Curso de autocultivo indoor", "description": "Curso de autocultivo indoor Weedboxy", "quantity_in_stock": 10}}, {"model": "orders.skuitem", "pk": 16, "fields": {"created_at": "2023-11-08T15:36:00.795Z", "updated_at": "2023-11-08T15:36:00.795Z", "pricing_type": "FIXED", "price": "200000.00", "discount_percentage": 0, "polymorphic_ctype": 20, "sku_code": "9WBwWBCWBIWBJWBpWBTWBtWBPWBfWB7WBfWBiWBPWBiWBLWBeWBhWBRWBZ", "name": "Extracción de aceites de CBD", "description": "Curso de extracción de aceites de CBD Weedboxy", "quantity_in_stock": 10}}, {"model": "courses.subject", "pk": 1, "fields": {"created_at": "2023-11-03T14:24:35.150Z", "updated_at": "2023-11-03T14:24:35.150Z", "title": "Autocultivo", "slug": "autocultivo"}}, {"model": "courses.subject", "pk": 2, "fields": {"created_at": "2023-11-03T14:25:03.748Z", "updated_at": "2023-11-03T14:25:03.748Z", "title": "Extracción", "slug": "extraccion"}}, {"model": "courses.course", "pk": 15, "fields": {"owner": 5, "subject": 1, "slug": "curso-de-autocultivo-indoor", "created": "2023-11-08T15:32:29.370Z"}}, {"model": "courses.course", "pk": 16, "fields": {"owner": 5, "subject": 2, "slug": "extraccion-de-aceites-de-cbd", "created": "2023-11-08T15:36:00.797Z"}}, {"model": "courses.module", "pk": 7, "fields": {"created_at": "2023-11-08T15:32:29.371Z", "updated_at": "2023-11-08T15:32:29.371Z", "course": 15, "title": "Módulo 1", "description": "Descripción  módulo 1"}}, {"model": "courses.module", "pk": 8, "fields": {"created_at": "2023-11-08T15:32:29.372Z", "updated_at": "2023-11-08T15:32:29.372Z", "course": 15, "title": "Módulo  2", "description": "Descripción  módulo 2"}}, {"model": "courses.module", "pk": 9, "fields": {"created_at": "2023-11-08T15:32:29.373Z", "updated_at": "2023-11-08T15:32:29.373Z", "course": 15, "title": "Módulo  3", "description": "Descripción  módulo 3"}}, {"model": "courses.module", "pk": 10, "fields": {"created_at": "2023-11-08T15:32:29.373Z", "updated_at": "2023-11-08T15:32:29.373Z", "course": 15, "title": "Módulo  4", "description": "Descripción  módulo 4"}}, {"model": "courses.module", "pk": 11, "fields": {"created_at": "2023-11-08T15:36:00.797Z", "updated_at": "2023-11-08T15:36:00.797Z", "course": 16, "title": "Módulo 1", "description": "Descripción  módulo 1"}}, {"model": "courses.module", "pk": 12, "fields": {"created_at": "2023-11-08T15:36:00.798Z", "updated_at": "2023-11-08T15:36:00.798Z", "course": 16, "title": "Módulo 2", "description": "Descripción  módulo 2"}}, {"model": "courses.module", "pk": 13, "fields": {"created_at": "2023-11-08T15:36:00.799Z", "updated_at": "2023-11-08T15:36:00.800Z", "course": 16, "title": "Módulo 3", "description": "Descripción  módulo 3"}}, {"model": "courses.module", "pk": 14, "fields": {"created_at": "2023-11-08T15:36:00.800Z", "updated_at": "2023-11-08T15:36:00.800Z", "course": 16, "title": "Módulo 4", "description": "Descripción  módulo 4"}}, {"model": "cultivation.cultivationplan", "pk": 3, "fields": {"image": "img/autocultivo.jpg", "video": "videos/THE_Quickstart_Guide_to_Grow_Cannabis_1.mp4"}}, {"model": "cultivation.stagescultivationplan", "pk": 1, "fields": {"step": 1, "name": "Etapa 1", "description": "Descripción etapa 1", "cultivation_plan": 3}}, {"model": "cultivation.stagescultivationplan", "pk": 2, "fields": {"step": 2, "name": "Etapa 2", "description": "Descripción etapa 2", "cultivation_plan": 3}}, {"model": "cultivation.stagescultivationplan", "pk": 3, "fields": {"step": 3, "name": "Etapa 3", "description": "Descripción etapa 3", "cultivation_plan": 3}}, {"model": "cultivation.stagescultivationplan", "pk": 4, "fields": {"step": 4, "name": "Etapa 4", "description": "Descripción etapa 4", "cultivation_plan": 3}}, {"model": "cultivation.planfeature", "pk": 1, "fields": {"name": "Caracteristica 1", "description": "Descripción", "cultivation_plan": 3}}, {"model": "cultivation.planfeature", "pk": 2, "fields": {"name": "Caracteristica 2", "description": "Descripción", "cultivation_plan": 3}}, {"model": "cultivation.planfeature", "pk": 3, "fields": {"name": "Caracteristica 3", "description": "Descripción", "cultivation_plan": 3}}, {"model": "cultivation.planfeature", "pk": 4, "fields": {"name": "Caracteristica 4", "description": "Descripción", "cultivation_plan": 3}}]