[{"model": "admin.logentry", "pk": 45, "fields": {"action_time": "2023-11-07T21:43:47.712Z", "user": 5, "content_type": 16, "object_id": "10", "object_repr": "Grinder 3", "action_flag": 2, "change_message": "[{\"changed\": {\"fields\": [\"Discount percentage\"]}}]"}}, {"model": "admin.logentry", "pk": 46, "fields": {"action_time": "2023-11-07T22:11:04.547Z", "user": 5, "content_type": 17, "object_id": "30", "object_repr": "Order Jhon", "action_flag": 3, "change_message": ""}}, {"model": "admin.logentry", "pk": 47, "fields": {"action_time": "2023-11-07T22:11:04.558Z", "user": 5, "content_type": 17, "object_id": "29", "object_repr": "Order Jhon", "action_flag": 3, "change_message": ""}}, {"model": "admin.logentry", "pk": 48, "fields": {"action_time": "2023-11-07T22:11:04.562Z", "user": 5, "content_type": 17, "object_id": "28", "object_repr": "Order Jhon", "action_flag": 3, "change_message": ""}}, {"model": "admin.logentry", "pk": 49, "fields": {"action_time": "2023-11-07T22:11:04.565Z", "user": 5, "content_type": 17, "object_id": "27", "object_repr": "Order k", "action_flag": 3, "change_message": ""}}, {"model": "admin.logentry", "pk": 50, "fields": {"action_time": "2023-11-07T22:11:04.568Z", "user": 5, "content_type": 17, "object_id": "26", "object_repr": "Order k", "action_flag": 3, "change_message": ""}}, {"model": "admin.logentry", "pk": 51, "fields": {"action_time": "2023-11-07T22:11:04.571Z", "user": 5, "content_type": 17, "object_id": "25", "object_repr": "Order d", "action_flag": 3, "change_message": ""}}, {"model": "admin.logentry", "pk": 52, "fields": {"action_time": "2023-11-07T22:11:04.573Z", "user": 5, "content_type": 17, "object_id": "24", "object_repr": "Order d", "action_flag": 3, "change_message": ""}}, {"model": "admin.logentry", "pk": 53, "fields": {"action_time": "2023-11-07T22:11:04.576Z", "user": 5, "content_type": 17, "object_id": "23", "object_repr": "Order d", "action_flag": 3, "change_message": ""}}, {"model": "admin.logentry", "pk": 54, "fields": {"action_time": "2023-11-07T22:11:04.578Z", "user": 5, "content_type": 17, "object_id": "22", "object_repr": "Order d", "action_flag": 3, "change_message": ""}}, {"model": "admin.logentry", "pk": 55, "fields": {"action_time": "2023-11-07T22:11:04.580Z", "user": 5, "content_type": 17, "object_id": "21", "object_repr": "Order d", "action_flag": 3, "change_message": ""}}, {"model": "admin.logentry", "pk": 56, "fields": {"action_time": "2023-11-07T22:11:04.583Z", "user": 5, "content_type": 17, "object_id": "20", "object_repr": "Order d", "action_flag": 3, "change_message": ""}}, {"model": "admin.logentry", "pk": 57, "fields": {"action_time": "2023-11-07T22:11:04.586Z", "user": 5, "content_type": 17, "object_id": "19", "object_repr": "Order d", "action_flag": 3, "change_message": ""}}, {"model": "admin.logentry", "pk": 58, "fields": {"action_time": "2023-11-07T22:11:04.588Z", "user": 5, "content_type": 17, "object_id": "18", "object_repr": "Order Andres", "action_flag": 3, "change_message": ""}}, {"model": "admin.logentry", "pk": 59, "fields": {"action_time": "2023-11-07T22:11:04.591Z", "user": 5, "content_type": 17, "object_id": "17", "object_repr": "Order Andres", "action_flag": 3, "change_message": ""}}, {"model": "admin.logentry", "pk": 60, "fields": {"action_time": "2023-11-07T22:11:04.593Z", "user": 5, "content_type": 17, "object_id": "16", "object_repr": "Order Andres", "action_flag": 3, "change_message": ""}}, {"model": "admin.logentry", "pk": 61, "fields": {"action_time": "2023-11-07T22:11:04.598Z", "user": 5, "content_type": 17, "object_id": "15", "object_repr": "Order Andres", "action_flag": 3, "change_message": ""}}, {"model": "admin.logentry", "pk": 62, "fields": {"action_time": "2023-11-07T22:11:04.602Z", "user": 5, "content_type": 17, "object_id": "14", "object_repr": "Order Alejandro", "action_flag": 3, "change_message": ""}}, {"model": "admin.logentry", "pk": 63, "fields": {"action_time": "2023-11-07T22:11:04.607Z", "user": 5, "content_type": 17, "object_id": "13", "object_repr": "Order Alejandro", "action_flag": 3, "change_message": ""}}, {"model": "admin.logentry", "pk": 64, "fields": {"action_time": "2023-11-07T22:11:04.610Z", "user": 5, "content_type": 17, "object_id": "12", "object_repr": "Order Alejandro", "action_flag": 3, "change_message": ""}}, {"model": "admin.logentry", "pk": 65, "fields": {"action_time": "2023-11-07T22:11:04.614Z", "user": 5, "content_type": 17, "object_id": "11", "object_repr": "Order Alejandro", "action_flag": 3, "change_message": ""}}, {"model": "admin.logentry", "pk": 66, "fields": {"action_time": "2023-11-07T22:11:04.619Z", "user": 5, "content_type": 17, "object_id": "10", "object_repr": "Order Alejandro", "action_flag": 3, "change_message": ""}}, {"model": "admin.logentry", "pk": 67, "fields": {"action_time": "2023-11-07T22:11:04.623Z", "user": 5, "content_type": 17, "object_id": "9", "object_repr": "Order Pedro", "action_flag": 3, "change_message": ""}}, {"model": "admin.logentry", "pk": 68, "fields": {"action_time": "2023-11-07T22:11:04.627Z", "user": 5, "content_type": 17, "object_id": "8", "object_repr": "Order Pedro", "action_flag": 3, "change_message": ""}}, {"model": "admin.logentry", "pk": 69, "fields": {"action_time": "2023-11-07T22:11:04.631Z", "user": 5, "content_type": 17, "object_id": "7", "object_repr": "Order Pedro", "action_flag": 3, "change_message": ""}}, {"model": "admin.logentry", "pk": 70, "fields": {"action_time": "2023-11-07T22:11:04.636Z", "user": 5, "content_type": 17, "object_id": "6", "object_repr": "Order Pedro", "action_flag": 3, "change_message": ""}}, {"model": "admin.logentry", "pk": 71, "fields": {"action_time": "2023-11-07T22:11:04.641Z", "user": 5, "content_type": 17, "object_id": "5", "object_repr": "Order Pedro", "action_flag": 3, "change_message": ""}}, {"model": "admin.logentry", "pk": 72, "fields": {"action_time": "2023-11-07T22:11:04.645Z", "user": 5, "content_type": 17, "object_id": "4", "object_repr": "Order Pedro", "action_flag": 3, "change_message": ""}}, {"model": "admin.logentry", "pk": 73, "fields": {"action_time": "2023-11-07T22:11:04.650Z", "user": 5, "content_type": 17, "object_id": "3", "object_repr": "Order Pedro", "action_flag": 3, "change_message": ""}}, {"model": "admin.logentry", "pk": 74, "fields": {"action_time": "2023-11-07T22:11:04.654Z", "user": 5, "content_type": 17, "object_id": "2", "object_repr": "Order Pedro", "action_flag": 3, "change_message": ""}}, {"model": "admin.logentry", "pk": 75, "fields": {"action_time": "2023-11-07T22:11:04.658Z", "user": 5, "content_type": 17, "object_id": "1", "object_repr": "Order Admin", "action_flag": 3, "change_message": ""}}, {"model": "admin.logentry", "pk": 76, "fields": {"action_time": "2023-11-07T22:11:46.496Z", "user": 5, "content_type": 14, "object_id": "2", "object_repr": "admin@wboxy.com", "action_flag": 3, "change_message": ""}}, {"model": "admin.logentry", "pk": 77, "fields": {"action_time": "2023-11-07T22:12:58.901Z", "user": 5, "content_type": 12, "object_id": "4", "object_repr": "jj@gmail.com", "action_flag": 3, "change_message": ""}}, {"model": "admin.logentry", "pk": 78, "fields": {"action_time": "2023-11-07T22:12:58.912Z", "user": 5, "content_type": 12, "object_id": "3", "object_repr": "jjsosar@gmail.com", "action_flag": 3, "change_message": ""}}, {"model": "admin.logentry", "pk": 79, "fields": {"action_time": "2023-11-07T22:12:58.914Z", "user": 5, "content_type": 12, "object_id": "2", "object_repr": "admin@wboxy.com", "action_flag": 3, "change_message": ""}}, {"model": "admin.logentry", "pk": 80, "fields": {"action_time": "2023-11-07T22:14:14.356Z", "user": 5, "content_type": 12, "object_id": "5", "object_repr": "admin@wboxy.com", "action_flag": 2, "change_message": "[{\"changed\": {\"fields\": [\"Email\", \"First name\", \"Last name\"]}}]"}}, {"model": "admin.logentry", "pk": 81, "fields": {"action_time": "2023-11-07T22:14:23.544Z", "user": 5, "content_type": 12, "object_id": "5", "object_repr": "admin@wboxy.com", "action_flag": 2, "change_message": "[]"}}, {"model": "sessions.session", "pk": "6fxzmqx9xdq8ypghqw3m2q7sn7ozql67", "fields": {"session_data": ".eJxVjE0PgjAQRP9Lz9pQSruWm3j2Ykw8kt12K6CBhI8T4b8LkQvHmfdmZuGxH0U-LyfxKs636-P5DyVOY1VOA_dlHUQujDh0hP7D7QZCg-27k75rx74muSlyp4O8d4G_xe4eDiocqnUdIeFURcsqGnI2InkAvWbLQBqV9pcMstQqDTY4AnYIDqMxKWqAhMTyA-McPss:1r0ULC:35ChmsN3tqkoQeLsDYPsszHDplLSLH_BhPLr3IaAdiY", "expire_date": "2023-11-21T22:14:34.007Z"}}, {"model": "services.service", "pk": 4, "fields": {"image": "img/autocultivo_PDC5uDi.jpg"}}, {"model": "services.service", "pk": 5, "fields": {"image": "img/autocultivo2_d4jaUtA.jpeg"}}, {"model": "services.servicefeature", "pk": 1, "fields": {"created_at": "2023-11-03T15:56:11.013Z", "updated_at": "2023-11-03T15:56:11.014Z", "name": "Espacios Equipados", "description": "Ofrecemos espacios especialmente diseñados y equipados con la infraestructura necesaria para el\r\nautocultivo de marihuana. Desde sistemas de iluminación y ventilación hasta sistemas de riego\r\nautomatizados, nuestros espacios están pensados para optimizar el crecimiento de las plantas.", "service": 4}}, {"model": "services.servicefeature", "pk": 2, "fields": {"created_at": "2023-11-03T15:56:53.708Z", "updated_at": "2023-11-03T15:56:53.709Z", "name": "Asesoramiento Personalizado", "description": "Nuestros expertos en cultivo de cannabis te brindarán asesoramiento personalizado en cada etapa del\r\nproceso. Desde la selección de cepas hasta la cosecha, te guiaremos con consejos prácticos y técnicas\r\navanzadas.", "service": 4}}, {"model": "services.servicefeature", "pk": 3, "fields": {"created_at": "2023-11-03T15:57:19.605Z", "updated_at": "2023-11-03T15:57:19.605Z", "name": "Condiciones Controladas", "description": "Mantenemos un ambiente controlado en términos de temperatura, humedad y condiciones lumínicas para\r\ngarantizar un crecimiento saludable de las plantas. Esto permite btener cosechas de calidad y consistencia.", "service": 4}}, {"model": "services.servicefeature", "pk": 4, "fields": {"created_at": "2023-11-03T15:57:43.683Z", "updated_at": "2023-11-03T15:57:43.683Z", "name": "Formación Continua", "description": "Ofrecemos talleres y sesiones informativas para ampliar tus conocimientos sobre el cultivo responsable y\r\nético de marihuana. Aprenderás sobre prácticas de cultivo sostenibles y técnicas de cuidado.", "service": 4}}, {"model": "services.servicefeature", "pk": 5, "fields": {"created_at": "2023-11-03T15:58:10.564Z", "updated_at": "2023-11-03T15:58:10.564Z", "name": "Legalidad y Cumplimiento", "description": "Trabajamos en estricto cumplimiento de las regulaciones y legislaciones locales relacionadas con el\r\ncultivo de marihuana. Te proporcionaremos orientación sobre los requisitos legales y éticos del cultivo\r\npersonal.", "service": 4}}, {"model": "services.servicefeature", "pk": 6, "fields": {"created_at": "2023-11-03T15:58:35.382Z", "updated_at": "2023-11-03T15:58:35.382Z", "name": "Comunidad y Networking", "description": "Únete a una comunidad de apasionados por el autocultivo. Organizamos eventos y reuniones donde\r\npodrás compartir experiencias, conocimientos y aprender de otros cultivadores.", "service": 4}}, {"model": "services.servicefeature", "pk": 7, "fields": {"created_at": "2023-11-03T15:59:08.641Z", "updated_at": "2023-11-03T15:59:08.641Z", "name": "Evaluación Personalizada", "description": "Comenzamos por comprender tus objetivos, nivel de experiencia y las condiciones específicas de tu\r\nentorno de cultivo. A partir de ahí, desarrollamos una estrategia de cultivo personalizada que se adapte a\r\ntus necesidades.", "service": 5}}, {"model": "services.servicefeature", "pk": 8, "fields": {"created_at": "2023-11-03T15:59:30.824Z", "updated_at": "2023-11-03T15:59:30.824Z", "name": "Planificación y Diseño", "description": "Te asistiremos en la planificación y diseño de tu espacio de cultivo, considerando aspectos como\r\niluminación, ventilación, sistemas de riego y otros factores críticos para el crecimiento exitoso de las\r\nplantas.", "service": 5}}, {"model": "services.servicefeature", "pk": 9, "fields": {"created_at": "2023-11-03T15:59:58.247Z", "updated_at": "2023-11-03T15:59:58.247Z", "name": "Selección de Cepas", "description": "Te guiaremos en la selección de las cepas adecuadas según tus preferencias y objetivos. Consideramos\r\nfactores como el tipo de planta, efectos deseados y nivel de dificultad.", "service": 5}}, {"model": "services.servicefeature", "pk": 10, "fields": {"created_at": "2023-11-03T16:00:41.595Z", "updated_at": "2023-11-03T16:00:41.595Z", "name": "Técnicas de Cultivo", "description": "Nuestros consultores compartirán contigo técnicas avanzadas de cultivo, desde la germinación de semillas hasta la cosecha. Aprenderás a optimizar el crecimiento, controlar plagas, realizar podas y más.", "service": 5}}, {"model": "services.servicefeature", "pk": 11, "fields": {"created_at": "2023-11-03T16:01:22.400Z", "updated_at": "2023-11-03T16:01:22.400Z", "name": "Soporte Continuo", "description": "Nuestra consultoría no se detiene después de una sola sesión. Te brindamos soporte continuo a través de sesiones de seguimiento, comunicación por correo electrónico y acceso a recursos adicionales.", "service": 5}}, {"model": "services.servicefeature", "pk": 12, "fields": {"created_at": "2023-11-03T16:01:52.083Z", "updated_at": "2023-11-03T16:01:52.083Z", "name": "Confidencialidad", "description": "Valoramos tu privacidad. Toda la información compartida durante nuestras sesiones de consultoría se\r\nmantiene confidencial.", "service": 5}}, {"model": "packages.packageitem", "pk": 4, "fields": {}}, {"model": "packages.packageitem", "pk": 5, "fields": {}}, {"model": "packages.packageitem", "pk": 6, "fields": {}}, {"model": "packages.packageitem", "pk": 7, "fields": {}}, {"model": "packages.packageitem", "pk": 8, "fields": {}}, {"model": "packages.packageitem", "pk": 9, "fields": {}}, {"model": "packages.packageitem", "pk": 10, "fields": {}}, {"model": "packages.packageitem", "pk": 11, "fields": {}}, {"model": "packages.packageitem", "pk": 12, "fields": {}}, {"model": "packages.packageitem", "pk": 13, "fields": {}}, {"model": "packages.packageitem", "pk": 14, "fields": {}}, {"model": "users.useraccount", "pk": 5, "fields": {"password": "pbkdf2_sha256$390000$3aAC9L3HXB8RDSkR4Qxz12$gY4oGRt+IgpvcUxKQ93YikaXcOB+seCwm1fIHcfa+c0=", "last_login": "2023-11-07T16:05:09Z", "is_superuser": true, "created_at": "2023-11-07T14:20:05.451Z", "updated_at": "2023-11-07T22:14:23.537Z", "email": "admin@wboxy.com", "first_name": "Admin", "last_name": "Admin", "phone_number": null, "date_of_birth": null, "is_active": true, "is_staff": true, "is_subscribed": false, "groups": [], "user_permissions": []}}, {"model": "user_profile.userprofile", "pk": 3, "fields": {"user": 5, "address_line_1": "", "address_line_2": "", "city": "", "state_province_region": "", "zipcode": "", "phone": ""}}, {"model": "products.category", "pk": 1, "fields": {"created_at": "2023-11-03T16:02:55.702Z", "updated_at": "2023-11-03T16:02:55.702Z", "name": "Bongs"}}, {"model": "products.category", "pk": 2, "fields": {"created_at": "2023-11-03T16:03:01.950Z", "updated_at": "2023-11-03T16:03:01.950Z", "name": "Grinders"}}, {"model": "products.category", "pk": 3, "fields": {"created_at": "2023-11-03T16:03:07.547Z", "updated_at": "2023-11-03T16:03:07.547Z", "name": "Vapers"}}, {"model": "products.product", "pk": 6, "fields": {"image": "img/grinder2_1MYe2Jy.jpeg", "affiliate_url": null, "category": 2}}, {"model": "products.product", "pk": 7, "fields": {"image": "img/grinder4_mUjrHdm.jpeg", "affiliate_url": null, "category": 2}}, {"model": "products.product", "pk": 8, "fields": {"image": "img/bong3_9uL8BQ0.jpeg", "affiliate_url": null, "category": 1}}, {"model": "products.product", "pk": 9, "fields": {"image": "img/vaper3_ABZ55Y6.jpeg", "affiliate_url": null, "category": 3}}, {"model": "products.product", "pk": 10, "fields": {"image": "img/grinder1_jnAC30Q.jpeg", "affiliate_url": null, "category": 2}}, {"model": "products.product", "pk": 11, "fields": {"image": "img/bong6_fwNTgRT.jpeg", "affiliate_url": null, "category": 1}}, {"model": "products.product", "pk": 12, "fields": {"image": "img/vaper1_jIgsgQ3.jpeg", "affiliate_url": null, "category": 3}}, {"model": "products.product", "pk": 13, "fields": {"image": "img/bong1_uPsgkgo.jpeg", "affiliate_url": null, "category": 1}}, {"model": "products.product", "pk": 14, "fields": {"image": "img/vaper8_A1Ru9Ic.jpeg", "affiliate_url": null, "category": 3}}, {"model": "orders.skuitem", "pk": 3, "fields": {"created_at": "2023-11-03T15:43:24.899Z", "updated_at": "2023-11-03T15:43:24.899Z", "pricing_type": "FIXED", "price": "1500000.00", "discount_percentage": 15, "polymorphic_ctype": 23, "sku_code": "UWBVWBVWB1WBfWBRWBNWBPWBfWBmWBfWBsWB3WBlWBnWBEWBHWBJWB1WBz", "name": "Plan de autocultivo indoor", "description": "Nuestro plan de autocultivo de marihuana está diseñado para ayudarte a cultivar tus propias plantas de marihuana de alta calidad, te ofrecemos el alquiler de espacios con los mejores estandares, equipos y personal experto para que obtengas las mejores plantas, nos gusta la calidad.", "quantity_in_stock": 10}}, {"model": "orders.skuitem", "pk": 4, "fields": {"created_at": "2023-11-03T15:54:06.716Z", "updated_at": "2023-11-03T15:54:06.716Z", "pricing_type": "FIXED", "price": "100000.00", "discount_percentage": 0, "polymorphic_ctype": 6, "sku_code": "SWBeWBwWBjWBPWBgWBTWB5WBTWB2WBFWB6WBSWBgWBMWBEWBUWBtWBtWBU", "name": "Renta y adecuación de espacios para autocultivo", "description": "", "quantity_in_stock": 10}}, {"model": "orders.skuitem", "pk": 5, "fields": {"created_at": "2023-11-03T15:55:17.893Z", "updated_at": "2023-11-03T15:55:17.893Z", "pricing_type": "FIXED", "price": "100000.00", "discount_percentage": 0, "polymorphic_ctype": 6, "sku_code": "EWBWWBGWBjWB9WBVWBkWBlWBnWBYWBeWB2WBNWBMWBKWB6WBgWBZWBqWBi", "name": "Consultoría en cultivo", "description": "", "quantity_in_stock": 10}}, {"model": "orders.skuitem", "pk": 6, "fields": {"created_at": "2023-11-03T16:04:07.353Z", "updated_at": "2023-11-03T16:04:07.353Z", "pricing_type": "FIXED", "price": "5000.00", "discount_percentage": 0, "polymorphic_ctype": 16, "sku_code": "hWBOWBzWBVWBpWBDWB7WBjWB3WBwWBuWBhWBnWBpWBYWBzWBFWB3WB2WBW", "name": "Grinder", "description": "Grinder Weedboxy", "quantity_in_stock": 100}}, {"model": "orders.skuitem", "pk": 7, "fields": {"created_at": "2023-11-03T16:04:57.313Z", "updated_at": "2023-11-03T16:04:57.313Z", "pricing_type": "FIXED", "price": "10000.00", "discount_percentage": 0, "polymorphic_ctype": 16, "sku_code": "CWB1WBJWBoWB7WBLWBkWBeWBSWBcWBXWBNWBiWBMWBwWBXWBaWBMWBUWBx", "name": "Grinder 2", "description": "Grinder 2 Weedboxy", "quantity_in_stock": 50}}, {"model": "orders.skuitem", "pk": 8, "fields": {"created_at": "2023-11-03T16:05:31.003Z", "updated_at": "2023-11-03T16:05:31.003Z", "pricing_type": "FIXED", "price": "50000.00", "discount_percentage": 0, "polymorphic_ctype": 16, "sku_code": "gWBZWBwWBgWB0WBwWB1WBwWB0WBUWBHWBSWB8WBXWBeWB5WBiWBVWBIWBM", "name": "Bong", "description": "Bong Weedboxy", "quantity_in_stock": 10}}, {"model": "orders.skuitem", "pk": 9, "fields": {"created_at": "2023-11-03T16:06:12.783Z", "updated_at": "2023-11-03T16:06:12.783Z", "pricing_type": "FIXED", "price": "500000.00", "discount_percentage": 0, "polymorphic_ctype": 16, "sku_code": "5WBNWBMWB8WBWWBOWBNWBCWBfWB4WBWWBRWBFWBzWBfWBDWBKWBnWBKWBU", "name": "Vaper", "description": "Vaper Weedboxy", "quantity_in_stock": 5}}, {"model": "orders.skuitem", "pk": 10, "fields": {"created_at": "2023-11-03T16:07:08.410Z", "updated_at": "2023-11-07T21:43:47.710Z", "pricing_type": "FIXED", "price": "15000.00", "discount_percentage": 50, "polymorphic_ctype": 16, "sku_code": "cWBQWBEWBWWBoWBYWBqWBIWBGWB8WBZWBdWB1WBdWBYWBoWBqWBNWBXWBE", "name": "Grinder 3", "description": "Grinder 3 Weedboxy", "quantity_in_stock": 5}}, {"model": "orders.skuitem", "pk": 11, "fields": {"created_at": "2023-11-03T16:08:12.282Z", "updated_at": "2023-11-03T16:08:12.282Z", "pricing_type": "FIXED", "price": "70000.00", "discount_percentage": 0, "polymorphic_ctype": 16, "sku_code": "SWB4WBEWBQWBLWB4WBJWBCWBqWB2WBbWBpWBgWBRWBbWBcWBFWB8WBqWBB", "name": "Bong 2", "description": "Bong 2 Weedboxy", "quantity_in_stock": 4}}, {"model": "orders.skuitem", "pk": 12, "fields": {"created_at": "2023-11-03T16:08:59.702Z", "updated_at": "2023-11-03T18:36:57.277Z", "pricing_type": "FIXED", "price": "250000.00", "discount_percentage": 20, "polymorphic_ctype": 16, "sku_code": "gWBbWByWBaWBCWBxWBDWBTWBgWBVWB4WBIWBsWBrWBYWBNWBqWBXWBnWB1", "name": "Vaper 2", "description": "Vaper 2 Weedboxy", "quantity_in_stock": 10}}, {"model": "orders.skuitem", "pk": 13, "fields": {"created_at": "2023-11-03T16:09:51.984Z", "updated_at": "2023-11-03T16:09:51.984Z", "pricing_type": "FIXED", "price": "150000.00", "discount_percentage": 0, "polymorphic_ctype": 16, "sku_code": "gWBqWBeWBoWBzWByWBZWBXWBHWB3WBTWBjWBCWBRWBhWB4WBfWBfWBCWBD", "name": "Bong 3", "description": "Bong 3 Weedboxy", "quantity_in_stock": 7}}, {"model": "orders.skuitem", "pk": 14, "fields": {"created_at": "2023-11-03T16:10:37.945Z", "updated_at": "2023-11-03T16:10:37.945Z", "pricing_type": "FIXED", "price": "70000.00", "discount_percentage": 0, "polymorphic_ctype": 16, "sku_code": "bWBDWByWBUWBMWBlWBxWBXWBGWB1WBwWB7WBQWBHWBpWBDWBQWBAWB3WBE", "name": "Vaper 3", "description": "Vaper 3 Weedboxy", "quantity_in_stock": 14}}, {"model": "courses.subject", "pk": 1, "fields": {"created_at": "2023-11-03T14:24:35.150Z", "updated_at": "2023-11-03T14:24:35.150Z", "title": "Autocultivo", "slug": "autocultivo"}}, {"model": "courses.subject", "pk": 2, "fields": {"created_at": "2023-11-03T14:25:03.748Z", "updated_at": "2023-11-03T14:25:03.748Z", "title": "Extracción", "slug": "extraccion"}}, {"model": "cultivation.cultivationplan", "pk": 3, "fields": {"image": "img/autocultivo.jpg", "video": "videos/THE_Quickstart_Guide_to_Grow_Cannabis_1.mp4"}}, {"model": "cultivation.stagescultivationplan", "pk": 1, "fields": {"step": 1, "name": "Etapa 1", "description": "Descripción etapa 1", "cultivation_plan": 3}}, {"model": "cultivation.stagescultivationplan", "pk": 2, "fields": {"step": 2, "name": "Etapa 2", "description": "Descripción etapa 2", "cultivation_plan": 3}}, {"model": "cultivation.stagescultivationplan", "pk": 3, "fields": {"step": 3, "name": "Etapa 3", "description": "Descripción etapa 3", "cultivation_plan": 3}}, {"model": "cultivation.stagescultivationplan", "pk": 4, "fields": {"step": 4, "name": "Etapa 4", "description": "Descripción etapa 4", "cultivation_plan": 3}}, {"model": "cultivation.planfeature", "pk": 1, "fields": {"name": "Caracteristica 1", "description": "Descripción", "cultivation_plan": 3}}, {"model": "cultivation.planfeature", "pk": 2, "fields": {"name": "Caracteristica 2", "description": "Descripción", "cultivation_plan": 3}}, {"model": "cultivation.planfeature", "pk": 3, "fields": {"name": "Caracteristica 3", "description": "Descripción", "cultivation_plan": 3}}, {"model": "cultivation.planfeature", "pk": 4, "fields": {"name": "Caracteristica 4", "description": "Descripción", "cultivation_plan": 3}}]